"","term","estimate","std.error","statistic","p.value","conf.low","conf.high","Model"
"1","(Intercept)",-1.70332115926655,7.09839475375924,-0.239958641122979,0.810698894916704,-15.7322027854501,12.325560466917,"Ghana NationalPrice"
"2","log(RealInterest)",0.836571750132556,0.173039150972548,4.83458076065847,3.34545991409832e-06,0.49458657603336,1.17855692423175,"Ghana NationalPrice"
"3","CPIMovements",0.0917642193048252,1.15393743691166,0.0795226988652161,0.936725772248875,-2.18881501980865,2.3723434584183,"Ghana NationalPrice"
"4","log(GDP)",0.199903467856499,0.33355573256223,0.59931054496029,0.549894678528507,-0.459317954757718,0.859124890470715,"Ghana NationalPrice"
"5","ExchangeRateMovements",-0.268958547791433,0.226608154669378,-1.18688821319711,0.237199344083742,-0.716814589567779,0.178897493984913,"Ghana NationalPrice"
"6","log(ForexRev)",-0.0324827287516267,0.228261609711263,-0.142304826434525,0.88703542397632,-0.48360656921507,0.418641111711816,"Ghana NationalPrice"
"7","log(FuelPrice)",0.164779803011597,0.176784141662377,0.932096066208776,0.352825689240153,-0.184606767163939,0.514166373187132,"Ghana NationalPrice"
"8","log(WorldGasPrice)",0.0982598491696638,0.0718489459550715,1.36758929255702,0.173542194254383,-0.043738502955787,0.240258201295115,"Ghana NationalPrice"
"9","log(WorldUreaPrice)",0.292754622700755,0.0892096782815602,3.28164643500646,0.00129108740512638,0.116445462681282,0.469063782720228,"Ghana NationalPrice"
"10","CorruptionControl",0.174386547348711,0.486453576915631,0.358485486846273,0.720497852948296,-0.787013865550111,1.13578696024753,"Ghana NationalPrice"
"11","lag(log(LocalMaizePrice))",0.389605428879668,0.0833631398420421,4.67359350449011,6.66716313172286e-06,0.224851049699553,0.554359808059784,"Ghana NationalPrice"
"12","ElectionYr1",0.0751978939025661,0.103063403302843,0.729627505911126,0.466786877143656,-0.128491015362657,0.278886803167789,"Ghana NationalPrice"
"13","OneYrAfterElectionYr1",0.115996411461784,0.0691430953225725,1.67762827106057,0.0955591944847697,-0.0206542445241477,0.252647067447715,"Ghana NationalPrice"
"14","SharePrivateSectorSalesAnnual",-0.0301098900116752,0.143516182477788,-0.20980135822896,0.834115193993983,-0.313747473615544,0.253527693592193,"Ghana NationalPrice"
"15","log(MonthlyUreaImportMT)",-0.016582957465741,0.0118254065255624,-1.40231605821706,0.162943553361121,-0.0399540482663414,0.00678813333485945,"Ghana NationalPrice"
"16","log(NumFirmsImportingFert)",-0.164972996795564,0.143068219169297,-1.15310722222904,0.250750719875038,-0.447725250061279,0.117779256470151,"Ghana NationalPrice"
"17","(Intercept)",275.082517741377,99.3748525149752,2.76813007294701,0.00636391273340632,78.6946241347227,471.47041134803,"Ghana Wedge"
"18","log(RealInterest)",2.20911844855697,2.2877424060584,0.965632512955472,0.335814020955466,-2.31199429646796,6.73023119358189,"Ghana Wedge"
"19","CPIMovements",9.1786552682065,16.0860359243653,0.570597710421852,0.569143551901384,-22.611104733611,40.968415270024,"Ghana Wedge"
"20","log(GDP)",1.46862823895177,4.57283492728283,0.321163624383096,0.748542560513293,-7.56836046042449,10.505616938328,"Ghana Wedge"
"21","ExchangeRateMovements",-1.29112838229811,3.16641975687634,-0.407756545699362,0.684045659420932,-7.54871257578135,4.96645581118513,"Ghana Wedge"
"22","log(ForexRev)",-12.8674033411017,3.20633060196198,-4.01312432761239,9.51259403373916e-05,-19.2038606760294,-6.53094600617406,"Ghana Wedge"
"23","log(FuelPrice)",8.43196106975838,2.4530928321458,3.43727761104853,0.000764401301882251,3.58407730505949,13.2798448344573,"Ghana Wedge"
"24","log(WorldGasPrice)",-0.304052200816351,0.751911366651314,-0.404372395872225,0.686526634830272,-1.79000448892968,1.18190008729698,"Ghana Wedge"
"25","CorruptionControl",-16.4439325083386,6.85380945435247,-2.39923981223259,0.0176819138349345,-29.9886590448516,-2.89920597182556,"Ghana Wedge"
"26","lag(log(LocalMaizePrice))",0.0568458963055595,1.09950945905433,0.0517011434848881,0.958837015004951,-2.11604132012308,2.2297331127342,"Ghana Wedge"
"27","ElectionYr1",3.20008344252381,1.43289158441281,2.2333046528675,0.0270394035184533,0.368355365371422,6.0318115196762,"Ghana Wedge"
"28","OneYrAfterElectionYr1",2.48769139159733,0.950267375753922,2.61788571834705,0.00977355691435897,0.60974135127588,4.36564143191877,"Ghana Wedge"
"29","SharePrivateSectorSalesAnnual",-4.8212216970526,2.00374898280931,-2.40610063356994,0.0173659391623154,-8.78109717954549,-0.861346214559721,"Ghana Wedge"
"30","log(MonthlyUreaImportMT)",-0.13753398982165,0.166625718545338,-0.825406732059957,0.410478214592124,-0.466825284929564,0.191757305286264,"Ghana Wedge"
"31","log(NumFirmsImportingFert)",-5.77388741332076,1.9626913911383,-2.94182133747073,0.00379222108034268,-9.65262351557036,-1.89515131107116,"Ghana Wedge"
"32","(Intercept)",-0.733361236518919,1.80570520742876,-0.406135638033183,0.685272022530891,-4.30378853902556,2.83706606598772,"Kenya NationalPrice"
"33","log(RealInterest)",0.0608111876864881,0.0380771324605648,1.59705271266076,0.112541324202184,-0.0144788611980423,0.136101236571019,"Kenya NationalPrice"
"34","CPIMovements",-0.344773746618635,0.539257555341167,-0.639348940415885,0.523655829297989,-1.41104962085989,0.721502127622621,"Kenya NationalPrice"
"35","log(GDP)",0.0448857468191217,0.161634536169707,0.277698986137432,0.781659035324311,-0.274714794063235,0.364486287701478,"Kenya NationalPrice"
"36","ExchangeRateMovements",-0.302875602370853,0.36437666793161,-0.831215687025548,0.407287684636231,-1.02335887850426,0.417607673762549,"Kenya NationalPrice"
"37","log(ForexRev)",0.0904781260499322,0.125799808603375,0.71922308193007,0.473219646631532,-0.15826628108792,0.339222533187785,"Kenya NationalPrice"
"38","log(FuelPrice)",0.14733780632345,0.156686835433755,0.940333027440221,0.348689824090978,-0.162479628368815,0.457155241015716,"Kenya NationalPrice"
"39","log(WorldGasPrice)",0.0748963743455148,0.0420573633295996,1.78081478286118,0.0771427838701598,-0.00826379913444597,0.158056547825476,"Kenya NationalPrice"
"40","log(WorldUreaPrice)",0.309807984682274,0.0416709018562934,7.43463594214207,1.00306343001256e-11,0.227411962842339,0.392204006522209,"Kenya NationalPrice"
"41","CorruptionControl",-0.516906042826408,0.17575915549318,-2.9409907061511,0.00383781917649069,-0.86443524352686,-0.169376842125956,"Kenya NationalPrice"
"42","lag(log(LocalMaizePrice))",0.299889236832541,0.0575022642265322,5.21525962266663,6.56999456767588e-07,0.186189806102809,0.413588667562272,"Kenya NationalPrice"
"43","ElectionYr1",-0.111445000185626,0.0307060927988036,-3.62940999741811,0.000399160386457669,-0.17216026623853,-0.0507297341327221,"Kenya NationalPrice"
"44","OneYrAfterElectionYr1",-0.0572540457739631,0.0236775410871121,-2.41807396989913,0.0169073757740281,-0.104071731632015,-0.0104363599159113,"Kenya NationalPrice"
"45","SharePrivateSectorSalesAnnual",-0.19555921762105,0.100923237756706,-1.93770257443069,0.0547017944086313,-0.395115093110282,0.00399665786818237,"Kenya NationalPrice"
"46","log(MonthlyUreaImportMT)",-0.0189094102341726,0.0134804720281691,-1.40272612076632,0.162944266433402,-0.0455643953236759,0.00774557485533078,"Kenya NationalPrice"
"47","log(NumFirmsImportingFert)",-0.0466367927211959,0.0461585618159345,-1.01036061104261,0.314090799281697,-0.137906280494745,0.0446326950523533,"Kenya NationalPrice"
"48","(Intercept)",-0.562891342378449,2.12907489864351,-0.264383062679985,0.791876366242779,-4.77245080574789,3.64666812099099,"Kenya Wedge"
"49","log(RealInterest)",0.0441701745263642,0.0448220470800302,0.985456430570827,0.326112162876342,-0.0444509785263282,0.132791327579056,"Kenya Wedge"
"50","CPIMovements",-0.252140188489402,0.635710504395783,-0.39662737479704,0.692250525584302,-1.50905283700525,1.00477246002645,"Kenya Wedge"
"51","log(GDP)",0.185104378324621,0.189293828383121,0.97786800502539,0.329838448477491,-0.189163162537981,0.559371919187224,"Kenya Wedge"
"52","ExchangeRateMovements",-0.246058784786554,0.429570180409016,-0.572802294033233,0.567703974734114,-1.09539537659655,0.603277807023442,"Kenya Wedge"
"53","log(ForexRev)",-0.0385881908210333,0.146921029767116,-0.262645796059279,0.793212475666278,-0.329077178135756,0.251900796493689,"Kenya Wedge"
"54","log(FuelPrice)",0.535091756188941,0.174225641748945,3.07125719737624,0.00256483087942938,0.190616698287896,0.879566814089987,"Kenya Wedge"
"55","log(WorldGasPrice)",0.203723640211816,0.0451882325588346,4.50833388861957,1.37582030735851e-05,0.1143784733874,0.293068807036233,"Kenya Wedge"
"56","CorruptionControl",-0.843961814444113,0.200654567352899,-4.20604337881732,4.63198053169122e-05,-1.24069155533151,-0.447232073556718,"Kenya Wedge"
"57","lag(log(LocalMaizePrice))",0.29626705725393,0.0678029301337352,4.36953176904847,2.41937476575244e-05,0.162208614138335,0.430325500369525,"Kenya Wedge"
"58","ElectionYr1",-0.0961664908698859,0.0361267462567858,-2.66191951487529,0.00868536010782508,-0.167595488827117,-0.0247374929126548,"Kenya Wedge"
"59","OneYrAfterElectionYr1",-0.0929641834028732,0.0273395019630947,-3.40036126218995,0.000878753611365031,-0.147019237682963,-0.0389091291227829,"Kenya Wedge"
"60","SharePrivateSectorSalesAnnual",-0.113681844691857,0.118295724678919,-0.960997069001564,0.338222358698398,-0.347573516429457,0.120209827045742,"Kenya Wedge"
"61","log(MonthlyUreaImportMT)",-0.02530545458661,0.0158634630583939,-1.59520367611157,0.112937893812211,-0.0566703403789415,0.00605943120572151,"Kenya Wedge"
"62","log(NumFirmsImportingFert)",0.078645069458806,0.0506724318667687,1.55202871781612,0.122929259258965,-0.0215433340739228,0.178833472991535,"Kenya Wedge"
"63","(Intercept)",7.60671997674644,3.04331387065075,2.49948585655409,0.0138870130817802,1.57678364961692,13.636656303876,"Malawi NationalPrice"
"64","log(RealInterest)",0.203066813166294,0.145080062022438,1.39968794013121,0.164370543909475,-0.0843907326254702,0.490524358958058,"Malawi NationalPrice"
"65","CPIMovements",-0.0425693412606277,0.0636038725762517,-0.669288512418695,0.504688796551684,-0.168592261700197,0.0834535791789414,"Malawi NationalPrice"
"66","log(GDP)",-0.256680387077238,0.132605347956892,-1.93567145693612,0.0554286550259171,-0.519420886020889,0.00606011186641331,"Malawi NationalPrice"
"67","ExchangeRateMovements",-0.44334655787382,0.162075936897858,-2.73542492710206,0.00724534869285413,-0.764479251112906,-0.122213864634734,"Malawi NationalPrice"
"68","log(ForexRev)",-0.378359542010006,0.143181950586111,-2.64250864345123,0.00940741860598865,-0.662056223300338,-0.0946628607196734,"Malawi NationalPrice"
"69","log(FuelPrice)",1.06792875644554,0.57833292867901,1.84656398328353,0.0674504752925242,-0.0779638080539147,2.213821320945,"Malawi NationalPrice"
"70","log(WorldGasPrice)",-0.0390583780637879,0.0921557484750401,-0.423830077994175,0.672502620412688,-0.221653180671062,0.143536424543487,"Malawi NationalPrice"
"71","log(WorldUreaPrice)",0.227146306038014,0.0757493335975605,2.99865748317724,0.00334150638617156,0.077058711452145,0.377233900623883,"Malawi NationalPrice"
"72","CorruptionControl",-0.854988188248055,0.385306597656097,-2.21898143828611,0.0285039061831966,-1.61842382092973,-0.0915525555663793,"Malawi NationalPrice"
"73","lag(log(LocalMaizePrice))",0.173881295781128,0.0528048226459901,3.29290559210565,0.00132728855629123,0.0692553085008213,0.278507283061435,"Malawi NationalPrice"
"74","ElectionYr1",0.184289536401139,0.0680182729182794,2.70941216961733,0.00779987974363345,0.0495200475442962,0.319059025257983,"Malawi NationalPrice"
"75","OneYrAfterElectionYr1",0.0425974106155296,0.04960781232643,0.85868351410519,0.392349157134873,-0.0556941105257321,0.140888931756791,"Malawi NationalPrice"
"76","SharePrivateSectorSalesAnnual",1.66380892319014,1.30023176887917,1.27962488151199,0.203321518201666,-0.912433656473814,4.2400515028541,"Malawi NationalPrice"
"77","log(MonthlyUreaImportMT)",0.0138234490970836,0.00499215973055253,2.76903181051734,0.00658205541292517,0.00393212451160634,0.0237147736825609,"Malawi NationalPrice"
"78","log(NumFirmsImportingFert)",-0.796529110993965,0.814179269356635,-0.978321533073893,0.330023793700822,-2.40972096755378,0.816662745565854,"Malawi NationalPrice"
"79","(Intercept)",10.45891334221,5.46732865002841,1.91298420338343,0.0582808627835033,-0.372850797691337,21.2906774821114,"Malawi Wedge"
"80","log(RealInterest)",0.285224129660803,0.259394989412882,1.09957455348842,0.273854618648351,-0.228684128694572,0.799132388016178,"Malawi Wedge"
"81","CPIMovements",-0.113773999117935,0.112169161693279,-1.01430729623391,0.312603034568017,-0.336001339196668,0.108453340960798,"Malawi Wedge"
"82","log(GDP)",-0.393959674551812,0.238002671353072,-1.65527417113475,0.100643678112941,-0.86548589252474,0.077566543421116,"Malawi Wedge"
"83","ExchangeRateMovements",-0.937146297886416,0.286489776505791,-3.27113347399841,0.00142067180861322,-1.50473421627279,-0.369558379500047,"Malawi Wedge"
"84","log(ForexRev)",-0.44242649240842,0.245185332977295,-1.80445741609426,0.0738231797380446,-0.928182858519581,0.0433298737027413,"Malawi Wedge"
"85","log(FuelPrice)",1.53706322890187,1.01229434576647,1.51839554901204,0.131707616512602,-0.468474446877185,3.54260090468092,"Malawi Wedge"
"86","log(WorldGasPrice)",-0.175903976129454,0.159647904978604,-1.10182451910678,0.272879275910068,-0.492195269894762,0.140387317635853,"Malawi Wedge"
"87","CorruptionControl",-1.1664442571111,0.686516680176172,-1.6990763528306,0.0920563239098799,-2.52655762028669,0.193669106064485,"Malawi Wedge"
"88","lag(log(LocalMaizePrice))",0.327851901296446,0.0948824977755425,3.45534644410421,0.000775003433336813,0.139872560251336,0.515831242341557,"Malawi Wedge"
"89","ElectionYr1",0.248072047154651,0.112502254139005,2.20504068165728,0.0294765797897033,0.0251847908645784,0.470959303444724,"Malawi Wedge"
"90","OneYrAfterElectionYr1",0.070617546243605,0.0890265841715944,0.79321864250675,0.42931283869706,-0.105760173782934,0.246995266270144,"Malawi Wedge"
"91","SharePrivateSectorSalesAnnual",3.294682953594,2.32925098256065,1.41448172750023,0.1599700445025,-1.31998334520245,7.90934925239046,"Malawi Wedge"
"92","log(MonthlyUreaImportMT)",0.0236367933583719,0.00893812678322755,2.64449072290253,0.00934509725192864,0.00592875212548332,0.0413448345912605,"Malawi Wedge"
"93","log(NumFirmsImportingFert)",-1.96735010540719,1.44144558901014,-1.36484520845368,0.175013194673834,-4.82311379551897,0.888413584704602,"Malawi Wedge"
"94","(Intercept)",10.8393959354056,5.32084054960139,2.03715857191353,0.0436179601970216,0.314979435481158,21.36381243533,"Nigeria NationalPrice"
"95","log(RealInterest)",0.0653351584560775,0.0403989381915165,1.61724939765366,0.108193809869552,-0.0145723764002479,0.145242693312403,"Nigeria NationalPrice"
"96","CPIMovements",-0.0215473646009439,0.474042197945732,-0.0454545285088959,0.963813195821491,-0.959184469718527,0.916089740516639,"Nigeria NationalPrice"
"97","log(GDP)",0.458308200824189,0.204106495969886,2.24543662192803,0.0263904576613565,0.0545934580307497,0.862022943617628,"Nigeria NationalPrice"
"98","ExchangeRateMovements",-0.124033918665362,0.335901894082914,-0.36925638363547,0.712523853406783,-0.788434853721932,0.540367016391209,"Nigeria NationalPrice"
"99","log(ForexRev)",-0.570284736292882,0.149099281994779,-3.82486574491251,0.000200339860148868,-0.865197340593775,-0.27537213199199,"Nigeria NationalPrice"
"100","log(FuelPrice)",0.440444177163221,0.208141611395754,2.11607940483258,0.0362015710839124,0.0287481323609698,0.852140221965472,"Nigeria NationalPrice"
"101","log(WorldGasPrice)",0.18270186051598,0.0632353715093692,2.8892351883931,0.00451046663080741,0.0576247451451931,0.307778975886767,"Nigeria NationalPrice"
"102","log(WorldUreaPrice)",0.115977715155719,0.0749665351989344,1.54705982940196,0.124225035788321,-0.0323031875766387,0.264258617888077,"Nigeria NationalPrice"
"103","CorruptionControl",0.814789617445901,0.364320555764561,2.23646347853194,0.0269869801164627,0.0941776704035453,1.53540156448826,"Nigeria NationalPrice"
"104","lag(log(LocalMaizePrice))",0.503224751083135,0.0713096287370834,7.05689764475582,8.47444444440537e-11,0.362177067679004,0.644272434487267,"Nigeria NationalPrice"
"105","ElectionYr1",-0.0336269955297243,0.0451066472127663,-0.745499779026074,0.457285127857169,-0.122846196473055,0.055592205413606,"Nigeria NationalPrice"
"106","OneYrAfterElectionYr1",-0.00629614154775322,0.0551300633871575,-0.114205229613792,0.90924733060997,-0.115341271418661,0.102748988323155,"Nigeria NationalPrice"
"107","SharePrivateSectorSalesAnnual",NA,NA,NA,NA,NA,NA,"Nigeria NationalPrice"
"108","log(MonthlyUreaImportMT)",-0.0020657024734154,0.00341392358760516,-0.60508163712723,0.546155773700251,-0.00881831108852688,0.00468690614169609,"Nigeria NationalPrice"
"109","log(NumFirmsImportingFert)",-0.0616903239137404,0.120032265616277,-0.513947842248966,0.608141303370181,-0.299109495753027,0.175728847925546,"Nigeria NationalPrice"
"110","(Intercept)",70.0037837280885,81.4637809247186,0.85932402023888,0.391696452160956,-91.1173805359856,231.124947992163,"Nigeria Wedge"
"111","log(RealInterest)",0.861471470983333,0.561122357961332,1.53526491817797,0.12707656208678,-0.248330782031168,1.97127372399784,"Nigeria Wedge"
"112","CPIMovements",-7.10336831495956,7.61512922123402,-0.93279681914688,0.352602585541409,-22.1647670398781,7.95803040995896,"Nigeria Wedge"
"113","log(GDP)",-0.581721668675942,3.14635283067664,-0.184887614321004,0.853596722562028,-6.8046593412185,5.64121600386662,"Nigeria Wedge"
"114","ExchangeRateMovements",3.63078989479998,5.41764360334148,0.67017880108625,0.503897133142422,-7.08436517202468,14.3459449616246,"Nigeria Wedge"
"115","log(ForexRev)",-2.12468903549005,2.33368285075526,-0.910444636811906,0.364222875511768,-6.74030708891998,2.49092901793988,"Nigeria Wedge"
"116","log(FuelPrice)",3.36070397526397,3.33681537334499,1.00715910209171,0.315673542618647,-3.23893542011883,9.96034337064676,"Nigeria Wedge"
"117","log(WorldGasPrice)",-2.81581382891351,0.767423839395188,-3.66917690637898,0.000350101577918371,-4.33364446583942,-1.2979831919876,"Nigeria Wedge"
"118","CorruptionControl",-1.40965892014198,5.94845889952243,-0.236978845101402,0.813035105966054,-13.17467415254,10.355356312256,"Nigeria Wedge"
"119","lag(log(LocalMaizePrice))",1.98154252328044,1.15778696345949,1.71149147971018,0.0893040490005118,-0.308358355427205,4.27144340198809,"Nigeria Wedge"
"120","ElectionYr1",-1.2699769306862,0.678274437724827,-1.87236442957537,0.0633355291486628,-2.61148558467042,0.0715317232980168,"Nigeria Wedge"
"121","OneYrAfterElectionYr1",-0.237699059785893,0.801349298877215,-0.296623532483197,0.767213205231431,-1.8226283443303,1.34723022475851,"Nigeria Wedge"
"122","SharePrivateSectorSalesAnnual",NA,NA,NA,NA,NA,NA,"Nigeria Wedge"
"123","log(MonthlyUreaImportMT)",-0.172348608081131,0.0552352571881848,-3.12026442628745,0.00221312271393799,-0.28159432250249,-0.063102893659773,"Nigeria Wedge"
"124","log(NumFirmsImportingFert)",-1.72167878431238,1.75210873560237,-0.982632384239828,0.327559248943899,-5.18704457255619,1.74368700393142,"Nigeria Wedge"
"125","(Intercept)",5.47791502640527,5.36082425575248,1.02184193420016,0.309057826922699,-5.14387105844794,16.0997011112585,"Tanzania NationalPrice"
"126","log(RealInterest)",-0.108345325833896,0.0564232008910371,-1.92022650475164,0.0573724466084291,-0.2201406657845,0.00345001411670884,"Tanzania NationalPrice"
"127","CPIMovements",0.0773633522126675,0.093049442648355,0.831421983955701,0.40750434924667,-0.107002190840732,0.261728895266067,"Tanzania NationalPrice"
"128","log(GDP)",0.480215665416933,0.107814677770861,4.45408431714223,2.00463049372835e-05,0.266594701651779,0.693836629182087,"Tanzania NationalPrice"
"129","ExchangeRateMovements",-0.604960029498092,0.45189312996419,-1.33872367023157,0.183371665736531,-1.50032834054537,0.290408281549189,"Tanzania NationalPrice"
"130","log(ForexRev)",-0.471069529503145,0.210156117262993,-2.24152185355442,0.0269631534913465,-0.88746693697188,-0.0546721220344106,"Tanzania NationalPrice"
"131","log(FuelPrice)",0.505335748521185,0.272421968583276,1.85497429281923,0.0662298372272057,-0.0344334617828367,1.04510495882521,"Tanzania NationalPrice"
"132","log(WorldGasPrice)",-0.162779694366356,0.0680407615516086,-2.39238495652181,0.0184037697211651,-0.297593741567432,-0.027965647165279,"Tanzania NationalPrice"
"133","log(WorldUreaPrice)",0.289313934362298,0.0557082069955466,5.19338083139933,9.33655411725271e-07,0.178935263164027,0.399692605560569,"Tanzania NationalPrice"
"134","CorruptionControl",-1.4245141097521,0.138541194260231,-10.2822421688985,7.28919672596139e-18,-1.69901572725863,-1.15001249224558,"Tanzania NationalPrice"
"135","lag(log(LocalMaizePrice))",0.0403070356704505,0.0446393547073504,0.902948439436413,0.368491160433672,-0.0481401235809594,0.12875419492186,"Tanzania NationalPrice"
"136","ElectionYr1",-0.00279416842902364,0.0503143413563309,-0.0555342344488837,0.955811803071316,-0.102485586276523,0.0968972494184756,"Tanzania NationalPrice"
"137","OneYrAfterElectionYr1",-0.072743037592764,0.045202770420722,-1.60926060318234,0.110374515616031,-0.162306532858707,0.0168204576731789,"Tanzania NationalPrice"
"138","SharePrivateSectorSalesAnnual",NA,NA,NA,NA,NA,NA,"Tanzania NationalPrice"
"139","log(MonthlyUreaImportMT)",-0.00263623227109553,0.00686426418811094,-0.3840516913177,0.701668289281317,-0.0162368918632833,0.0109644273210923,"Tanzania NationalPrice"
"140","log(NumFirmsImportingFert)",0.170050529424783,0.0519136619402995,3.27564119095163,0.00140349387124556,0.067190262849257,0.272910796000309,"Tanzania NationalPrice"
"141","(Intercept)",8.50610456822373,11.9074215325027,0.714353190991458,0.476481881409575,-15.0846451032419,32.0968542396894,"Tanzania Wedge"
"142","log(RealInterest)",-0.109198945767281,0.124665302394674,-0.875936958156741,0.382922511018299,-0.356183394372098,0.137785502837536,"Tanzania Wedge"
"143","CPIMovements",-0.0367071100314566,0.203709582865035,-0.180193339533646,0.857323539839129,-0.440292534628217,0.366878314565304,"Tanzania Wedge"
"144","log(GDP)",0.885431356819468,0.237480185843278,3.72844308536881,0.000302777757532762,0.414940276876623,1.35592243676231,"Tanzania Wedge"
"145","ExchangeRateMovements",-1.15840551548225,1.0072677724518,-1.15004723387761,0.252552491536882,-3.1539846429351,0.83717361197061,"Tanzania Wedge"
"146","log(ForexRev)",-0.886454263789957,0.465169619130445,-1.90565812412047,0.0592355205332516,-1.80803917700759,0.0351306494276792,"Tanzania Wedge"
"147","log(FuelPrice)",0.893464019401977,0.606742327514689,1.47255923789221,0.143649808028945,-0.308601963095663,2.09553000189962,"Tanzania Wedge"
"148","log(WorldGasPrice)",-0.422757353833243,0.150327223018519,-2.8122474781641,0.00580233549627964,-0.720582695562881,-0.124932012103606,"Tanzania Wedge"
"149","CorruptionControl",-2.632469711088,0.30289942231523,-8.69090370317167,3.21579052295694e-14,-3.23256809745698,-2.03237132471902,"Tanzania Wedge"
"150","lag(log(LocalMaizePrice))",0.135182294303538,0.0994841449555157,1.35883254928697,0.176905791611191,-0.0619137397554905,0.332278328362567,"Tanzania Wedge"
"151","ElectionYr1",0.0679028487288493,0.109865047670643,0.618056881315071,0.537781542558763,-0.149759625902384,0.285565323360083,"Tanzania Wedge"
"152","OneYrAfterElectionYr1",-0.121843717900773,0.100907136779673,-1.20748365070366,0.229767253140658,-0.321758955413431,0.0780715196118846,"Tanzania Wedge"
"153","SharePrivateSectorSalesAnnual",NA,NA,NA,NA,NA,NA,"Tanzania Wedge"
"154","log(MonthlyUreaImportMT)",-0.0058920121968851,0.0153219632128899,-0.384546817860019,0.701295952976694,-0.0362475847819366,0.0244635603881664,"Tanzania Wedge"
"155","log(NumFirmsImportingFert)",0.286429560909977,0.114645196967278,2.4984000070385,0.0139142127402668,0.0592967483771808,0.513562373442773,"Tanzania Wedge"
"156","(Intercept)",20.1996297319217,4.0371981093419,5.00337837897542,2.35705776049085e-06,12.191866424163,28.2073930396804,"Zambia NationalPrice"
"157","log(RealInterest)",-0.119400181084586,0.0384004911573464,-3.10933994555804,0.00243072283255704,-0.195567373221668,-0.0432329889475032,"Zambia NationalPrice"
"158","CPIMovements",1.38374190319729,0.58780809383957,2.3540708569674,0.0204850427198364,0.217827336121619,2.54965647027296,"Zambia NationalPrice"
"159","log(GDP)",-1.54867042533143,0.323447705014284,-4.78800869915906,5.71854243876674e-06,-2.19022741462031,-0.90711343604255,"Zambia NationalPrice"
"160","ExchangeRateMovements",-0.221671521165838,0.0894545548205322,-2.47803503813266,0.0148523403513398,-0.399104206509216,-0.0442388358224588,"Zambia NationalPrice"
"161","log(ForexRev)",0.0834551702035658,0.123868757005577,0.673738658730616,0.502001374231679,-0.162237922001073,0.329148262408205,"Zambia NationalPrice"
"162","log(FuelPrice)",0.910719107847597,0.263319220702374,3.45861234671118,0.000793570212663042,0.388426682095966,1.43301153359923,"Zambia NationalPrice"
"163","log(WorldGasPrice)",0.249176739415173,0.0472784720399854,5.27040593030235,7.63190763386876e-07,0.155400114291764,0.342953364538581,"Zambia NationalPrice"
"164","log(WorldUreaPrice)",0.0320980076754071,0.0576106961378131,0.5571536160338,0.5786430333323,-0.0821725349564521,0.146368550307266,"Zambia NationalPrice"
"165","CorruptionControl",2.96202235685008,0.599042899887761,4.94459137635227,3.00854765046276e-06,1.77382360524695,4.15022110845321,"Zambia NationalPrice"
"166","lag(log(LocalMaizePrice))",0.190175351191424,0.0446831002779799,4.25609122930854,4.63063137085356e-05,0.101546633652162,0.278804068730687,"Zambia NationalPrice"
"167","ElectionYr1",0.384115363192585,0.0861044528102131,4.46103947770543,2.10435917327351e-05,0.213327589302376,0.554903137082794,"Zambia NationalPrice"
"168","OneYrAfterElectionYr1",0.344113056360767,0.0665050658498463,5.17423826235581,1.14959103730629e-06,0.212200573577185,0.476025539144349,"Zambia NationalPrice"
"169","SharePrivateSectorSalesAnnual",1.65865844890565,0.433984251136525,3.82193235022223,0.000227944217019015,0.797852744485395,2.51946415332591,"Zambia NationalPrice"
"170","log(MonthlyUreaImportMT)",-0.311107317495556,0.160893479274487,-1.93362290938342,0.05593138278899,-0.630238770770187,0.00802413577907463,"Zambia NationalPrice"
"171","log(NumFirmsImportingFert)",NA,NA,NA,NA,NA,NA,"Zambia NationalPrice"
"172","(Intercept)",1.42052390082021,53.601628663755,0.0265015063204741,0.978908610237429,-104.885664329466,107.726712131107,"Zambia Wedge"
"173","log(RealInterest)",-0.299790823820281,0.47782451821006,-0.627407787577128,0.531780383079376,-1.24744305827994,0.647861410639382,"Zambia Wedge"
"174","CPIMovements",3.95735503185232,7.81663125255332,0.506273726365132,0.613746453708206,-11.5450894642523,19.459799527957,"Zambia Wedge"
"175","log(GDP)",-1.05269045287266,4.28210360871996,-0.245834886089394,0.806299253761179,-9.54523300425197,7.43985209850666,"Zambia Wedge"
"176","ExchangeRateMovements",-0.641745622239109,1.18965454419552,-0.539438633988555,0.590748457763427,-3.00114482440889,1.71765357993068,"Zambia Wedge"
"177","log(ForexRev)",0.674208196931767,1.61717706748958,0.416904376450484,0.67761595377455,-2.53308109677021,3.88149749063374,"Zambia Wedge"
"178","log(FuelPrice)",2.80146058366531,3.48174799783534,0.804613253287436,0.422896221660054,-4.10376538157829,9.70668654890891,"Zambia Wedge"
"179","log(WorldGasPrice)",-1.31248716287818,0.522922702881519,-2.5099066375314,0.0136331844546055,-2.34958100999112,-0.275393315765242,"Zambia Wedge"
"180","CorruptionControl",7.38281728432601,7.96661709934635,0.926719232550007,0.356238719087467,-8.41708876394671,23.1827233325987,"Zambia Wedge"
"181","lag(log(LocalMaizePrice))",0.58780164733613,0.590477141797703,0.995468927969968,0.321841142863015,-0.583270496299566,1.75887379097183,"Zambia Wedge"
"182","ElectionYr1",0.617001613099848,1.14508918029757,0.538824070400795,0.591170944588748,-1.65401270075236,2.88801592695205,"Zambia Wedge"
"183","OneYrAfterElectionYr1",0.459617554289116,0.86983488675309,0.528396321288942,0.598360971318726,-1.26549478848137,2.1847298970596,"Zambia Wedge"
"184","SharePrivateSectorSalesAnnual",4.07345811776119,5.76838007718181,0.706170200863622,0.481676580059254,-7.36676326273903,15.5136794982614,"Zambia Wedge"
"185","log(MonthlyUreaImportMT)",-0.0622427009243938,2.1243604131531,-0.02929950141182,0.976682420920184,-4.27541053890707,4.15092513705828,"Zambia Wedge"
"186","log(NumFirmsImportingFert)",NA,NA,NA,NA,NA,NA,"Zambia Wedge"
